first_name,last_name,email,address,phone_number,salary,password
Alan,Bond,baileyjennifer@example.net,Montoyaville,438.566.0810,10885,7WHPFmXK
Chad,Patterson,matthew22@example.org,New Erikaport,707.324.3531,16935,GsImFh99
Jerome,Butler,tina39@example.net,East Marcus,673.731.4349,27613,I76ux9lm
Robert,Perry,jennifer90@example.net,West Williamchester,505-970-6305x78715,16422,khoVno0D
Kenneth,Holmes,charles51@example.net,Berrytown,486-213-9052,61141,ikuBMlLe
John,Martin,rebeccagarcia@example.net,Morenomouth,001-594-855-5217x2415,95432,pqOemVyO
Laura,Brown,ialvarado@example.net,Howellside,881.806.7861x494,46816,jad0BekP
Matthew,Morris,skennedy@example.net,Garyfurt,001-725-755-3396,32826,wdCCmqFK
Marc,Shah,claudia13@example.org,Jamesborough,001-398-366-4673,5935,vQmJzq58
Lindsay,Yu,destiny77@example.com,North Alexanderbury,226-568-6246,81059,wcyy3Amb
Erica,Rodriguez,judy18@example.net,Crawfordborough,560-766-1922x901,63284,DKSES0Iq
Jennifer,Lopez,deniseclark@example.net,North Amychester,(685)357-9287x334,23747,et8q8rEq
Peter,Cross,kbarnes@example.com,Sophiatown,001-859-894-5430x678,27075,iE6C45Y5
Melinda,Williams,jlopez@example.org,Lake Stephen,+1-338-241-2686x01168,12650,zauPVjDS
Kimberly,Aguilar,rachel22@example.net,New Wendy,817.300.7477,89067,tyMD1okO
Elizabeth,Jackson,andre86@example.org,East Justin,219.663.2032x275,84404,7wwwCMP5
Isaac,Becker,fmurphy@example.net,Port Michael,8802619531,98735,SxeohST7
Kimberly,Moon,mskinner@example.org,Michaelhaven,690-562-8303,71788,u4iOeLvy
Javier,Wood,brianna99@example.com,South Jasonside,+1-962-519-4257x472,86159,pu390ImY
Brenda,Yates,jessica98@example.com,West Mary,(466)635-4689,52316,548ZQFNE
Rodney,King,gardnersara@example.org,Port Kelly,827-508-7866x55496,475,3M239kii
Heather,Carter,zgarcia@example.com,Bridgeschester,289.572.2373,2265,oxHGqdnH
Tammy,Jennings,brian07@example.net,Port Tylerport,001-432-522-6226x7412,29484,2ybB6s3y
Brent,Nelson,christian25@example.net,Port Alexandra,(712)216-9388x272,22367,9tfG2sjE
Elizabeth,Lopez,johnberry@example.net,Jonesborough,938-895-1401,59342,mOXBX1UD
Christopher,Higgins,smithemily@example.com,East David,(707)974-6263,11385,YLH8xqPs
Curtis,Benton,justin15@example.com,Kleinton,+1-879-630-7645x76926,26321,mweQtSu2
Gabriel,Moreno,joselawrence@example.org,South Heatherchester,269-448-3846,82672,ZSuID6iZ
Cindy,Boyd,turnervalerie@example.com,North Sierrabury,306-648-3475,33989,THUg4rKL
David,Foster,ysullivan@example.com,Hallmouth,+1-361-343-7122x9696,34910,hOd4x4hu
Sharon,Ford,epruitt@example.net,Tinafurt,663-706-9557x627,22739,9JZvph9u
Joshua,Steele,tom35@example.com,Maybury,+1-982-872-4776x148,53610,DYCv0BLE
Susan,Lewis,bradleywallace@example.com,North James,+1-709-356-8922x764,35117,3srgyoV9
April,Livingston,yreeves@example.net,North Heather,+1-323-287-3897x6403,92404,H0k0SvvR
Donald,Jenkins,douglasjoshua@example.org,Lake Kenneth,544-622-4220,83069,3TtuHALq
Cameron,Ramirez,ucobb@example.com,Port John,(269)439-1863,85016,1LhnvMcL
Anthony,Long,eric09@example.net,Davidmouth,843-228-2802x706,18952,7gslc67r
Richard,Boyd,taylorwendy@example.com,Marquezfurt,920.457.9381,46393,KQHSg9SY
Jennifer,Griffin,qgrant@example.com,Lake Daryl,8174048787,11550,QZ7LmIAC
Ashley,Travis,darrellellison@example.org,South Kimfurt,859.957.0468,72965,7fR5QZnb
Martin,Barr,sophia78@example.net,Lake Gailfort,001-733-744-5943x5806,25795,TzZMu00f
Brett,Maxwell,danacook@example.net,Cartershire,9232197670,3015,9nuAPRWh
Sandra,Davis,jackromero@example.com,Myerston,775-963-8290,17462,Bq8NcEA1
Kimberly,Castillo,brownchristopher@example.org,Frazierchester,+1-901-819-3320x57783,77769,wpboG2nX
Matthew,Alvarado,chad41@example.org,New Todd,541.792.2372x5509,7968,a4feLrsf
Timothy,Miller,ricejennifer@example.net,South Bruce,578.822.1534,36679,xxxtllEU
Gabriel,Armstrong,ortizmonique@example.com,Port Danielland,+1-313-955-2641x4524,90772,CNXS9SG0
Joseph,Schwartz,samanthamendoza@example.org,Port Christopherstad,001-522-622-4182x45912,59085,y6RZs6v2
Kathleen,Swanson,lindamccullough@example.org,Jonathanburgh,(875)996-7423,29589,Z2mVmjyU
Amy,Shields,david72@example.net,New Kristenborough,001-219-472-6849x3896,84295,SDoJm1NP
Teresa,Smith,morgannicole@example.com,Lake Adrienneland,001-644-243-0711x453,22022,sDoPOiEc
Bailey,Miller,wongapril@example.com,Gloverview,430.597.4243x843,79550,B04D4cHq
Wendy,Giles,rebecca24@example.net,Cummingstown,516-389-3717,61773,WmAKNspi
Michelle,Higgins,katelyn19@example.com,Nicolaston,(534)600-4886,84848,IbIqX5xL
Eric,Short,annejohnson@example.org,Heatherfort,3683377743,68777,G1r5g8GR
Nicholas,Long,kevinporter@example.com,Clementsberg,466.584.3663x1082,87819,TsZ9Xrhm
Karen,Hernandez,thomasjennifer@example.net,Russellchester,+1-467-866-2201,87750,LvzadXk0
Emma,French,johnsonnicholas@example.org,Port Jillview,981.803.7647,23314,TT5rPv2f
Tony,Hoover,adam95@example.com,Parkerchester,+1-766-416-5707x8931,81220,xuOZy1bQ
Antonio,Daniels,nbaxter@example.org,New Vincentshire,(885)344-9535x99088,98597,QyQC2zn1
Martha,Logan,jennifergoodman@example.net,Vickieville,776-681-2862x488,40690,TjxSmwFd
Joseph,Whitehead,dedwards@example.com,Lake Gregory,001-628-293-8659x5843,68769,ZRiPfode
Thomas,Mitchell,vickicunningham@example.com,Jonesstad,310.453.5435x742,78324,Z971EvHg
Stephanie,Morrison,qhawkins@example.org,Brianshire,(661)591-5419x079,15870,1hrbmYkB
Sarah,Copeland,sreed@example.net,South Kenneth,(929)643-3759x707,9246,DzqKIVrS
Timothy,Olson,jvega@example.com,Johnport,(664)856-8060x2898,84855,JOZBdXby
April,Garcia,steven75@example.net,Seanmouth,215-429-6497x63384,22224,u5kOr41Y
Larry,Mccormick,sandra84@example.org,Ellistown,202-395-4770x591,42666,hcBH7Q9o
Jacqueline,Rodriguez,jessica58@example.org,Lake Michael,+1-436-371-8880,83854,PmjTH8uz
Timothy,Tapia,jeffreygordon@example.com,Chavezfort,(880)966-7178x59085,46343,mDwdh2uO
James,Allen,smithshawn@example.org,East Dave,3146430858,81312,K3LZvmTF
Rhonda,Carrillo,tonywhite@example.com,East Jameston,253.827.6432x54592,97743,btMnfSTU
Kimberly,Mccarthy,smithrobert@example.com,Reedburgh,867-988-9055x11791,3553,1mXHcnCa
Wanda,Schneider,lindsaysingleton@example.net,West Jason,(518)457-2249x0959,17556,oC00ka4k
Carrie,Jones,jeremiahbeck@example.org,Port Adamland,001-296-766-7128x36507,77267,ZEbTH5o8
Heather,Trevino,brownryan@example.org,South Jameschester,334-818-8604,17170,UJDIp6DM
Jennifer,Walker,bcooper@example.org,Lake Victortown,478-944-9643x87125,53519,FzQK40xb
Eric,Wilson,brocklori@example.org,Port Kevin,(598)807-9899,79112,BjEXRl06
Scott,Woodard,lbowman@example.com,Petersberg,419.334.1913,35447,bn0cpLNq
Samantha,Simpson,fvelazquez@example.net,Lisaberg,001-392-873-1916,89566,jSNzNm8Q
Jason,Green,riggsronald@example.org,Kellyburgh,324-552-0992x7489,4438,tJNjXEye
Daniel,Martin,bennettbrendan@example.com,Port Darlenebury,872.771.9105x1902,48109,pTg7W4Wb
Patrick,Henderson,orivera@example.net,Colinport,325.905.3439x2076,65168,lK4SHdAH
Paul,Bradley,jeanette60@example.com,Jenniferburgh,+1-437-206-7788x0763,16077,qqG1VarB
David,Flores,jeffrey28@example.org,Elizabethfort,765.441.9151x20514,6376,CueB4Ve1
Madeline,Boone,chadjohnson@example.net,West Joe,001-451-452-3241x350,51546,olWOHmbM
Tony,Townsend,kbrady@example.org,West Alexandra,+1-985-932-0866x294,58933,pTwyiejJ
Anna,Garcia,cathyhopkins@example.org,Alistad,904.744.6160x83839,32529,FT10cWcg
Aaron,Miller,taylorsydney@example.com,Port Maria,001-647-251-5408x2444,2094,FuRJm0IU
Madison,Lawson,meaganhuffman@example.com,Cunninghamberg,001-273-637-5563x62263,48990,isNFt6U9
Jack,Sawyer,charlessmith@example.com,Dorothymouth,317-743-9966,30440,udNzL7uF
Johnny,Jones,scott13@example.org,Duncanchester,(609)936-4570x5371,48993,RJvmpZL9
Pamela,Rose,gregory97@example.org,New Tonya,001-769-798-9387,87228,6luyhbKi
Steven,Nichols,nfoster@example.net,Port Sarahside,001-830-683-5366x174,90987,LQT8Mk7C
Ryan,Perkins,emily80@example.org,East John,+1-874-255-6228x7683,45165,QSslVHC0
Emily,Brown,thomas33@example.net,Gregoryville,+1-534-448-9075x547,81136,6iJm3DpA
Kayla,Jackson,kmccarty@example.net,Powellville,(297)993-7135x938,91194,MxLKv6L4
Michelle,Joseph,frank12@example.com,Allenfort,(692)621-1711,98565,T4tzVeAu
Jonathan,Carson,brandonmcdonald@example.org,New Robin,370-479-7245x7442,70807,mBgfPWXy
Katherine,Dunn,tnicholson@example.net,Teresaside,317.561.6177x966,45045,cyzzS0Hd
